Dates;Times;Location;Operator;FlightNo;Route;ACType;Registration;Aboard;Fatalities;Ground;Summary;FatalitiesInt;AboardInt;GroundInt;Month;Year;DeathRate;Jan;Feb;Mar;Apr;May;June;July;Aug;Sep;Oct;Nov;Dec;Weather
2012/1/10;10:00;North Spirit Lake, Ontario, Canada;Keystone air Service Limited;?;Winnipeg - North Spirit Lake;0;C-GOSU;31-7752148;5 ? (passengers:4? crew:1);4 ? (passengers:3? crew:1);While on approach, the plane crashed on a frozen lake, 1 km from the runway. The crash occurred during blizzard conditions.;5;31-7752148;4;1;2012;0.8;1;0;0;0;0;0;0;0;0;0;0;0;0
2012/1/30;08:45;Namoya, Congo;TRACEP Congo Aviation;?;Bukavu - Namoya;0;9Q-CUN;?;5 ? (passengers:3? crew:3);3 ? (passengers:1? crew:2);The cargo plane was on approach to land when it crashed in a forest 10km from Namoya.;5;?;3;1;2012;0.6;1;0;0;0;0;0;0;0;0;0;0;0;0
2012/3/15;07:15;Near San Juan, Puerto Rico;Jet One Express;?;San Juan - Saint Croix;0;N153JR;117;2 ? (passengers:0? crew:2);2 ? (passengers:0? crew:2);The cargo plane just took off and was carrying 2,500 lbs of bread when the pilot radioed he was having engine trouble and returning to the airport. The plane crashed in the Torrecilla Lagoon, killing both pilots.;2;117;2;3;2012;1;0;0;1;0;0;0;0;0;0;0;0;0;0
2012/3/16;10:45;Kabul, Afghanistan;Military - Turkish Army (NATO);?;?;0;10981;?;12 ? (passengers:?? crew:?);12 ? (passengers:?? crew:?);The helicopter crashed on the outskirts of Kabul in the Bagrami District. It appeared the plane was trying to make an emergency landing when it crashed into houses killing four people on the ground.;12;?;12;3;2012;1;0;0;1;0;0;0;0;0;0;0;0;0;0
2012/4/2;07:44;Tyumen, Russia;UTAir;120;Tyurmen - Surgut;0;VP-BYZ;332;43 ? (passengers:39? crew:4);33 ? (passengers:29? crew:4);After taking off, the plane lost height during the initial climb and crash landed in a snowy field, 1.5 miles past the end of the runway. The impact split the plane into three pieces.?Icing. The plane was not deiced before taking off.;43;332;33;4;2012;0.7674;0;0;0;1;0;0;0;0;0;0;0;0;0
2012/4/20;18:40;Islamabad, Pakistan;Bhoja Airlines;213;Karachi - Islamabad;1;AP-BKC?;23167/1074;127 ? (passengers:121? crew:6);127 ? (passengers:121? crew:6);While attempting to land, the plane impacted terrain about 5 km short of and slightly left of the extended runway center line of Islamabad's runway 30. The plane completely broke up, burst into flamesand came to rest in Hussain Abad Village. The crew were trained to fly the Boeing 737-200 but not the more advanced 737-236 which features an automated flight deck. The aircraft accident took place as a result of combination of various factors which directly and indirectly contributed towards the causation of accident.The primary causes of accident include, ineffective management of the basic flight parameters such as airspeed, altitude, descent rate attitude, as well as Page 75 of 78 thrust management. The contributory factors include the crew?s decision to continue the flight through significant changing winds associated with the prevailing weather conditions and the lack of experience of the crew to the airplane?s automated flight deck;127;23167/1074;127;4;2012;1;0;0;0;1;0;0;0;0;0;0;0;0;1
2012/4/30;16:30;Sabanagrande, Colombia;Military -Fuerza Aerea Colombiana;?;Barranquilla - Caucasia;0;FAC 4020?;31272;13 ? (passengers:11? crew:2);13 ? (passengers:11? crew:2);The helicopter caught fire and crashed while en route.;13;31272;13;4;2012;1;0;0;0;1;0;0;0;0;0;0;0;0;0
2012/5/9;15:30;Near Cidahu, Indonesia;Sukhoi;36801;Demonstration flight;0;RA-97004;95004;45 ? (passengers:39? crew:6);45 ? (passengers:39? crew:6);The Russian jet crashed on the slopes of Mount Salak at an elevation of 5,200 ft. The airliner was conducting a demonstration flight to prospective customers. The last radio contact with the flight was at 15:30 when the crew requested a descent from 10,000ft to 6,000ft. Soon after requesting a turn, they flew into the mountain. All 37passengers, 6 crew and 2 Sukhoi officials were killed. Pilot error. The TAWS had sent a 'terrain ahead' warning , followed by six 'avoid terrain' warnings before the crash. The pilot in command switched the TAWS off, assuming there was a database problem. In addition, the flight crew were distracted by a customer in the cockpit and failed to complete a planned turn. Due to inadequate maps, briefing, and low clouds, the crew did not know there were mountains in the area.;45;;45;5;2012;1;0;0;0;0;1;0;0;0;0;0;0;0;0
2012/5/14;09:15;Jomsom, Nepal;Agni Air;?;Pokhara - Jomsom;0;9N-AIG;8216;21 ? (passengers:18? crew:3);15 ? (passengers:13? crew:2);" 	The plane was attempting to land and went around on final approach to Runway 06. The aircraft joined a left downwind when a wing contacted a hilltop about 900 feet north of the airport.The flight attendant and 5 passengers survived the accident.";21;8216;15;5;2012;0.7143;0;0;0;0;1;0;0;0;0;0;0;0;0
2012/6/2;15:30;Accra, Ghana;Allied Air;111;Lagos, Nigerai - Accra, Ghana;1;5N-BJN; 22540/1796;4 ? (passengers:0? crew:4);0 ? (passengers:0? crew:4);While on approach to Runway 21 at Kotika International Airport, the cargo plane overran the runway, broke through the perimeter fence, went across a main road and collided with a bus.;4;;0;6;2012;0;0;0;0;0;0;1;0;0;0;0;0;0;0
2012/6/3;16:45;Lagos, Nigeria;Dana Air;992;Abuja - Lagos;0;5N-RAM;53019/1783;153 ? (passengers:146? crew:7);153 ? (passengers:146? crew:7);The plane was about 11 miles from Lagos VOR when the crew declared an emergency reporting engine problems. The plane collided with a power line and crashed into the Iju/Ishaga area of Lagos, 1 mile adjacent to the runway. Double engine failure. Likely  the crew's failure to properly monitor fuel flow and turn on proper fuel pumps.;153;53019/1783;153;6;2012;1;0;0;0;0;0;1;0;0;0;0;0;0;0
2012/6/6;?;Hualla Hualla, Mount Mamarosa, Peru; HeliCusco;?;Mazuco - Cusco;0;OB-1840-P;581672;14 ? (passengers:12? crew:2);14 ? (passengers:12? crew:2);The helicopter was flying back to Cusco after conducting aerial surveillance on a possible site for a hydroelectric project near Puno, in southern Peru when it hit the side of a cliff.;14;581672;14;6;2012;1;0;0;0;0;0;1;0;0;0;0;0;0;0
2012/6/11;?;Near Serov, Russia;Illegal flight;?;?;0;RA-40312;1G221-48;13 ? (passengers:12? crew:1);13 ? (passengers:12? crew:1);The plane disappeared after being taken on an illegal flight. A group of people were having a party at the airfield near the city of Serov, Russia. They  managed to illegally steal an An-2 plane parked at the airfield. The plane went missing and was found on April 4, 2013, 8 km from Serov. Among those killed were the Chief of Serov city police, three police inspectors, the guard of the airport, a private company guard, a pensionist, a young unemployed man and a local mobile shop owner. The pilot was intoxicated at the time of the accident.;13;1G221-48;13;6;2012;1;0;0;0;0;0;1;0;0;0;0;0;0;0
2012/6/21;14:45;Jakarta, Indonesia;Military - Indonesian Air Force;?;Training flight;0;A-2708;10546;7 ? (passengers:0? crew:7);7 ? (passengers:0? crew:7);The plane was attempting to land on runway 18 during a training exercise when it crashed about 1 mile from the runway into houses in the Rajawali housing complex.;7;10546;7;6;2012;1;0;0;0;0;0;1;0;0;0;0;0;0;0
2012/8/18;16:25;Off Masbate Island, Philippines;Aviatour's Fly'n Inc.;?;Cebu-Naga;0;RP-C4431;34-7350051;4 ? (passengers:2? crew:2);3 ? (passengers:2? crew:1);While en route, the crew of the chartered flight radioed they were making an emergency landing at Masbate Airport due to engine problems. The airplane then crashed into the sea and broke apart off the shores of Masbate Island some 980 ft away from the island's airport. An investigation found that improper maintenance led to the right engine suffering an internal failure, which likely would have caused misfiring and intermittent operation of the fuel pump. The failure was gradual and the aircraft developed engine problems 23 minutes after take off. However, instead of turning back to Cebu, the pilot decided to continue the flight, until the engine failed completely, 37 minutes later and the aircraft crashed during the subsequent attempt to land at Masbate. The investigation determined that the pilot didn't use the correct procedure for trying to land a Piper Seneca with one engine inoperative, in that he lowered the undercarriage and flaps too soon and that during his last flight proficiency test he had not been tested with respect to flying with one engine inoperative. 4 34-7350051 3 08 2012 0.75 0 0 0 0 0 0 0 1 0 0 0 0 0;;;;;;;;;;;;;;;;;;;
2012/8/19;08:00;Talodi, Sudan;Alfa Airlines;?;Khartoum - Talodi;0;ST-ARL;2606;32 ? (passengers:26? crew:6);32 ? (passengers:26? crew:6);After an aborted landing, the plane flew into a slope of the Nuba mountains while on approach and attempting to land at Talodi air strip. There was a dust storm in the area at the time. All 26 passengers and crew of 6 were killed including 2 Sudanese ministers.;32;2606;32;8;2012;1;0;0;0;0;0;0;0;1;0;0;0;0;0
2012/9/12;12:28;Near Palana, Russia;Petropavlovsk-Kamchatsky Air Enteprise;261;Petropavlovsk-Kamchatsky - Palana;0;RA-28715;25-1AJ006;14 ? (passengers:12? crew:2);10 ? (passengers:8? crew:2);Crashed in a cedar forest, 6 miles from Palana Airport while on approach. There were heavy storm clouds and poor weather at the time of the accident. Both pilots were found to be intoxicated.;14;25-1AJ006;10;9;2012;0.7143;0;0;0;0;0;0;0;0;1;0;0;0;1
2012/9/28;06:15;Kathmandu, Nepal;Sita Air;?;?;0;9N-AHA;8123;19 ? (passengers:16? crew:3);19 ? (passengers:16? crew:3);The plane crash landed on the bank of the Manohara River minutes after taking off from Trinbhuvan Airport. Some witnesses reported seeing the front of the plane on fire before it crashed. Overloading and the lack of performance in the climb phase due to loss of engine power led to a stall.;19;8123;19;9;2012;1;0;0;0;0;0;0;0;0;1;0;0;0;0
2012/10/7;12:00;Near Omdurman, Sudan;Military - Sudanese Air Force;?;?;0;ST-ASA;402010;22 ? (passengers:16? crew:6);15 ? (passengers:?? crew:?);The transport, carrying military personnel and equipment, crashed 25 miles southwest of Omdurman after experiencing engine trouble. The captain reported that both engines stopped working prior to the crash.;22;402010;15;10;2012;0.6818;0;0;0;0;0;0;0;0;0;1;0;0;0
2012/10/7;16:16;Antigua;Fly Montserrat;107;Antigua - Montserrat;0;VP-MO;82;4 ? (passengers:3? crew:1);3 ? (passengers:2? crew:1);The small airliner took off from Runway 7 at V.C. Bird International Airport, lost height immediately after becoming airborne and crashed to the ground, nose first. There was heavy rains and lightning at the time of the accident.;4;82;3;10;2012;0.75;0;0;0;0;0;0;0;0;0;1;0;0;0
2012/11/6;07:46;Wichita, Kansas;Fedex operating for Baron Aviation;8588;Wichita - Garden City, KS;0;N73FE?;208B-0291;1 ? (passengers:0? crew:1);1 ? (passengers:0? crew:1);The cargo plane climbed to an altitude of about 4,000 feet then attempted to return to the airport. The plane continued to lose altitude until it made a forced landing in a field and crashed into trees.;1;208B-0291;1;11;2012;1;0;0;0;0;0;0;0;0;0;0;1;0;0
2012/11/21;?;San'a, Yemen;Military - Yemen Air Force;?;Training;0;420;?;10 ? (passengers:0? crew:10);10 ? (passengers:0? crew:10);The military transport crashed into the abandoned Al-Hasaba marketplace about 6 miles from Sanaa International Airport, shortly after taking off from runway 18. The crew was trying to make an emergency landing after an engine failed.;10;?;10;11;2012;1;0;0;0;0;0;0;0;0;0;0;1;0;0
2012/11/30;17:50;Near Brazzaville, Congo;Aero Service;?;Pointe Noire - Brazzaville;0;EK-76300;83410300;7 ? (passengers:0? crew:7);7 ? (passengers:0? crew:7);The cargo plane crashed into a dozen houses in the Mselou district in Bazzaville while attempting to land at the local airport. The plane caught on fire and came to rest in a ravine. There was heavy rain and thunderstorms in the area at the time of the accident.;7;83410300;7;11;2012;1;0;0;0;0;0;0;0;0;0;0;1;0;0
2012/12/5;09:45;Near Ladysmith, South Africa;Military - South African Air Force;?;Pretoria - Mthatha Airport;0;6840;13866/25311;11 ? (passengers:5? crew:6);11 ? (passengers:5? crew:6);The military transport went missing while en route. The wreckage was found in the Drakensberg mountains near Ladysmith in KwaZulu-Natal province, some 210 miles southeast of Waterkloof Air Force Base. There was severe weather at the time of the accident.;11;13866/25311;11;12;2012;1;0;0;0;0;0;0;0;0;0;0;0;1;1
2012/12/9;03:30;Near Iturbide, Mexico;Starwood Management LLC;?;Monterey, Mexico - Toluca, Mexico;0;N345MC;25-046;7 ? (passengers:5? crew:2);7 ? (passengers:5? crew:2);The charter jet crashed about 60 miles from Monterey Mexico, about ten minutes after taking off. The plane plunged almost vertically from more than 28,000 feet and hit the ground in a nose-dive at a speed that may have exceeded 600 mph. Mexican-American singerJenni Rivera 43, her publicist and make-up artist were among the dead. She had just finished giving a concert in Monterey and was en route to Toluca to tape a Mexican TV show. A sudden and abrupt lack of control during ascent that provoked a sheer vertical drop of the plane that could have been triggered by a problem with the plane?s horizontal stabilizer. The plane was over 43 years old. The pilot, 78 was authorized to only fly as copilot. The copilot was not authroized to fly out of the United States. The copilot was not authorized to fly IFR which the plane was doing at the time of the accident.;7;25-046;7;12;2012;1;0;0;0;0;0;0;0;0;0;0;0;1;0
2012/12/10;03:20;Near Rochelle, Illinois;Rockford Memorial Hospital;?;Medical flight;0;N911BK;7099;3 ? (passengers:0? crew:3);3 ? (passengers:0? crew:3);The medical helicopter crashed into a field while en route from Rockford hospital to Mendota hospital where they were going to pick up a patient. Light snow was reported in the area at the time of the accident. The pilot and two nurses were killed.;3;7099;3;12;2012;1;0;0;0;0;0;0;0;0;0;0;0;1;0
2012/12/25;18:55;Near Shymkent, Kazakhstan;Military - Kazakhstan Border Guards;?;Astana - Shymkent;0;UN-72859;36576092859;27 ? (passengers:20? crew:7);27 ? (passengers:20? crew:7);The military transport crashed 12 miles from the Shymket Airport while making a descent to land, in heavy winds and snow.The fatalities included a crew of seven and 20 border guards, including the acting head of the ex-Soviet nation's border protection service, Col. Turganbek Stambekov;27;36576092859;27;12;2012;1;0;0;0;0;0;0;0;0;0;0;0;1;0
2012/12/25;08:50;Heho, Myanmar;Air Bagan;W9-011;Mandalay - Heho;0;XY-AGC;11327;71 ? (passengers:65? crew:6);2 ? (passengers:2? crew:0);The passenger plane crash in a field two miles from Heho Airport and caught fire, after attempting to land in foggy weather. A tour guide and an 11-year-old child on board the plane, and a man riding a motorcycle on the ground were killed. Eleven others were injured.;71;11327;2;12;2012;0.0282;0;0;0;0;0;0;0;0;0;0;0;1;1
2012/12/29;16:33;Moscow, Russia;Red Wings Airlines;9268;Pardubice, Czech Republic - Moscow, Russia;0;RA-64047;1.45074E+12;8 ? (passengers:0? crew:8);5 ? (passengers:0? crew:5);While attempting to land on a snow covered runway and heavy cross winds the plane overran the runway, penetrated the perimeter fence and collided with a highway embankment. The aircraft broke in three. The plane's impact with the highway embankment sent the severed nose sliding over the icy road while the rest of the jet rested just past the airport's fence - its tail linked to the rest of the body by only a tangle of wreckage. There were no passengers on board.;8;1.45074E+12;5;12;2012;0.625;0;0;0;0;0;0;0;0;0;0;0;1;0
2013/1/2;20:57;Near Clear Lake, Iowa;Med-Trans Corporaion;?;Mercy Hospital - Palo Alto Couonty Hospital;0;N445MT;53959;3 ? (passengers:2? crew:1);3 ? (passengers:2? crew:1);The air ambulance crashed and burned north of Ventura near Clear Lake Iowa in ice, haze and misty conditons.;3;53959;3;1;2013;1;1;0;0;0;0;0;0;0;0;0;0;0;0
2013/1/4;11:40;Off Los Roques, Venezuela;Transaereo 5074;?;Los Roques - Caracas;0;YV-2615;20;6 ? (passengers:5? crew:1);6 ? (passengers:5? crew:1);The flight disappeared while en route from Los Roques island to Caracas. When the plane was approximately 11 miles from Los Roques Airport, radar showed it began rapidly losing altitude and speed. It is presumed to have crashed in the ocean. The son of Italian designer Ottavio Missoni was among those onboard.;6;20;6;1;2013;1;1;0;0;0;0;0;0;0;0;0;0;0;0
2013/1/29;13:13;Near Kyzyltu, Kazakhstan;SCAT Air;760;Kokshetau - Almaty, Kazakhstan;0;UP-CJ006;7431;21 ? (passengers:16? crew:5);21 ? (passengers:16? crew:5);The jet crashed in heavy fog outside of Almaty while attempting to land at Almaty Airport for a second time. The aircraft was found in swampy terrain about 1 mile short of the runway threshold.;21;7431;21;1;2013;1;1;0;0;0;0;0;0;0;0;0;0;0;0
2013/2/13;18:09;Donetsk, Ukraine;South Airlines;8971;Odessa - Donetsk;0;UR-WRA?;37308709;45 ? (passengers:41? crew:4);5 ? (passengers:5? crew:0);While attempting to land on runway 8 in dense fog, the plane overran the runway , overturned and caught fire. The airplane operated as a charter flight carrying football fans on their way to a match of Shakhtar Donetsk against Borussia Dortmund. Pilot error.  A loss of speed by the aircraft during thelanding approach due to an error of the unprepared crew. The crew had no clearance to land given the weather conditions.;45;37308709;5;2;2013;0.1111;0;1;0;0;0;0;0;0;0;0;0;0;1
2013/3/4;17:55;Goma, Congo;Compagnie Africaine d' Aviation (CAA)?;?;Lodja - Goma;0;9Q-CBD;20270?;10 ? (passengers:4? crew:6);7 ? (passengers:1? crew:6);The aircraft crashed short of the runway while attempting to land in heavy rain at Goma Airport crashing into the back yards of several houses in the Lake Kivu area.;10;20270?;7;3;2013;0.7;0;0;1;0;0;0;0;0;0;0;0;0;0
2013/3/6;08:30;La Libertad, Peru;Aero Transporte S.A. - ATSA;?;Callao - La Libertad;0;OB-1992-P;BB-1682;9 ? (passengers:7? crew:2);9 ? (passengers:7? crew:2);The plane, chartered by a Peruvian gold mining company, crashed while atempting to land at an airport in the La Libertad region of Peru in poor weather. The plane struck power lines, crashed and burned. Two employees of Marsa, 5 contractors and both pilots were killed.;9;BB-1682;9;3;2013;1;0;0;1;0;0;0;0;0;0;0;0;0;1
2013/3/8;08:15;Near Dillingham, Alaska;Ace Air Cargo;51;King Salmon - Dillingham;0;N116AX;UC-17;2 ? (passengers:0? crew:2);2 ? (passengers:0? crew:2);The cargo plane crashed about 20 miles northeast of Dillingham while on approach to Dillingham Airport. Wreckage was discovered on Saturday with the pilot and copilot fatally injured. The aircraft was badly fragmented in three sections. The flight crew's failure to maintain terrain clearance, which resulted in controlled flight into terrain in instrument meteorological conditions. Contributing to the accident were the flight crew's failure to correctly read back and interpret clearance altitudes issued by the air traffic controller, their failure to adhere to minimum altitudes depicted on the published instrument approach chart, and their failure to adhere to company checklists. Also contributing to the accident were the air traffic controller's issuance of an ambiguous clearance to the flight crew, which resulted in the airplane's premature descent, his failure to address the pilot's incorrect read back of the assigned clearance altitudes, and his failure to monitor the flight and address the altitude violations and issue terrain-based safety alerts.;2;UC-17;2;3;2013;1;0;0;1;0;0;0;0;0;0;0;0;0;0
2013/3/12;20:30;Almer, Brazil;Fretzx Taxi Aereo;?;Belem - Santo Antonio do Jari hydroelectic plant;0;PT-VAQ?;82014;10 ? (passengers:9? crew:1);10 ? (passengers:9? crew:1);The plane crashed while enroute. It belonged to air charter company Fretax and was transporting nine employees of the engineering company Cesbe to the Santo Antonio do Jari hydroelectric power plant.;10;82014;10;3;2013;1;0;0;1;0;0;0;0;0;0;0;0;0;0
2013/4/13;15:35;Denpasar, Indonesia;Lion Air;904;Bandung - Denpasar;1;PK-LKS;38728/4350;108 ? (passengers:101? crew:7);0 ? (passengers:0? crew:0);The airliner came down in the ocean, 150 feet short of the runway, while on final approach to Denpasar-Ngurah Rai Bali International Airport. All 101 passengers and crew of 7 survived. Forty-five people were injured.;108;38728/4350;0;4;2013;0;0;0;0;1;0;0;0;0;0;0;0;0;0
2013/4/29;15:25;Bagram Air Base, Afghanistan;National Air Cargo;102;Bagram - Dubai Al Maktoum;1;N949CA;25630/960;7 ? (passengers:0? crew:7);7 ? (passengers:0? crew:7);The civilian cargo plane crashed and burned shortly after taking off from runway 03 at Bagram Air Base. The plane was carrying 5 armored vehicles. The airline's cargo operations manual did not explain how to account for the orientation of the tiedown straps when calculating how many were needed, and the inexperienced and uncertified loadmaster used too few straps. When the plane began climbing, the rearmost vehicle, weighing 28,000;;;;;;;;;;;;;;;;;;;
"pounds, broke free and smashed into the tail, severing two hydraulic  systems and the elevator jackscrew, leaving the plane uncontrollable.""";7;25630/960;7;4;2013;1;0;0;0;1;0;0;0;0;0;0;0;0;0;;;;;;;;;;;
2013/5/31;12:11;Moosonee, Ontario;Ornge Air Ambulance;?;Moosonee- Attawapiskat;0;?;?;4 ? (passengers:2? crew:2);4 ? (passengers:2? crew:2);The air ambulance helicopter crashed 0.7 miles from its departure point. The pilot, copilot and two paramedics were killed. The helicopter was headed to Attawapiskat to pick up a patient.;4;?;4;5;2013;1;0;0;0;0;1;0;0;0;0;0;0;0;0
2013/6/25;?;Gaurikund, near Kedarnath, Uttarakhand State, India.;Indian Air Force;?;From Gauchar airstrip;0;?;?;20 ? (passengers:15? crew:5);20 ? (passengers:15? crew:5);Crashed during flood relief operations. The passengers were from paramilitary forces.;20;?;20;6;2013;1;0;0;0;0;0;1;0;0;0;0;0;0;0
2013/7/6;11:38;San Francisco, California;Asiana Airlines;214;Shanghai - Seoul - San Francisco;1;HL7742?;29171/553;307 ? (passengers:291? crew:16);3 ? (passengers:3? crew:0);"The aircraft crash landed short of the runway while on approach to runway 28L at San Francisco International Airport. The tail section, landing gear, and both engines separated from the fuselage and a fire erupted. Debris was scattered from the ocean front to the runway to where the aircraft came to rest. The plane's voice and flight data recorders show that the aircraft was coming in too slow and too low and that the pilots appear to have increased speed seven seconds before impact. A stall warning sounded four seconds before the crash, and the crew then made an internal decision ""to initiate a go-around 1.5 seconds to impact.Two passengers were killed and 182 injured. One passenger was run over by one of the emergency vehicles. The crew's failure to monitor and maintain the plane's airspeed, and its failure to abort the landing when in trouble. The pilot and co-pilot reasonably believed the automatic throttle would keep the plane flying fast enough to land safely, when in fact the auto throttle was effectively shut off after the pilot idled it to correct an unexplained climb earlier in the landing. The flight crew over-relied on automated systems that they did not fully understand.";307;29171/553;3;7;2013;0.0098;0;0;0;0;0;0;1;0;0;0;0;0;0
2013/7/7;1120;Soldotna, Alaksa;Rediske Air;?;Soldotna - Bear Lodge;0;N93PC;280;10 ? (passengers:9? crew:1);10 ? (passengers:9? crew:1);As soon as the plane took off speed began to decline until the plane stalled and crashed.  The probable cause of the crash was the operator?s failure to account for about 420 additional pounds of unspecified cargo, which led to loading and operating the de Havilland DHC3 Otter outside its weight and center-of-gravity limits leading to an aerodynamic stall.;10;280;10;7;2013;1;0;0;0;0;0;0;1;0;0;0;0;0;0
2013/8/9;08:00;Mogadishu, Somalia;Military - Ethiopian Air Force;?;?;0;?;?;6 ? (passengers:0? crew:6);4 ? (passengers:0? crew:4);The cargo plane crashed on the runway and caught fire while attempting to land at Mofadisu International Airport.;6;?;4;8;2013;0.6667;0;0;0;0;0;0;0;1;0;0;0;0;0
2013/8/14;04:49;Birmingham, Alabama;United Parcel Service;1354;Louisville - Birmingham;1;N155UP;841;2 ? (passengers:0? crew:2);2 ? (passengers:0? crew:2);The cargo plane was on approach when it struck trees, crashed and burst into flames.;2;841;2;8;2013;1;0;0;0;0;0;0;0;1;0;0;0;0;0
2013/10/3;09:32;Lagos, Nigeria;Associated Aviation;361;#NAME?;0;5N-BJY;120174?;20 ? (passengers:?? crew:?);16 ? (passengers:?? crew:?);The chartered plane crashed minutes after taking off from Murtala Muhammad International Airport.The aircraft lost height, after departing runwal 18L, impacted trees, a brick wall and caught fire.;20;120174?;16;10;2013;0.8;0;0;0;0;0;0;0;0;0;1;0;0;0
2013/10/10;14:50;Kudat, Malaysia;MASwings;3002;Kota - Kudat;0;9M-MDM;804;16 ? (passengers:14? crew:2);2 ? (passengers:1? crew:1);While attempting to land, the Twin Otter struck a house located to the right of runway 22. The nose section was destroyed and the right wing broke off. The co-pilot and one passenger were killed.;16;804;2;10;2013;0.125;0;0;0;0;0;0;0;0;0;1;0;0;0
2013/10/14;?;Baja California Sur, Mexico;Aereo Servicio Guerrero;?;Loreto - Ciudad Constituci칩n;0;XA-TXM;208B-0947;14 ? (passengers:13? crew:1);14 ? (passengers:13? crew:1);The plane crashed in the Sierra de La Giganta mountains while on a flight from Loreto to Ciudad Constitucion. The wreckage was found the day after contact was lost with the aircraft.?;14;208B-0947;14;10;2013;1;0;0;0;0;0;0;0;0;0;1;0;0;0
2013/10/16;16:10;Near Pakse, Laos;Lao Airlines;301;Vientiane - Pakse;0;RDPL-34233?;1071;49 ? (passengers:44? crew:5);49 ? (passengers:44? crew:5);The aircraft crashed into the Mekong River 5 miles from Paskse, while on approach to land and after attempting a go-around. The fuselage broke in two and sank into the river. The weather was poor at the time of the accident, with the tail end of Hurricane Nari affecting the area.  A sudden change in weather conditions and the flight crew's failure to properly execute procedure have been identified as the probable causes of the crash. The flight crew's minima of 600 feet was lower than the published minima of 990 feet and the incorrect height of 645 feet as published in the JEPPESEN Chart at that time.After aborting the aircraft's approach at an altitude of around 595 feet, the flight crew executed a right turn instead of a nominal climb as dictated by the airport's VOR/DME missed approach procedure.;49;1071;49;10;2013;1;0;0;0;0;0;0;0;0;0;1;0;0;1
2013/10/19;15:45;Fernelmont, Belgium;Aeroparaclub Namur;?;Parachuting;0;OO-NAC;710;11 ? (passengers:10? crew:1);11 ? (passengers:10? crew:1);Ten members of a parachuting club and he pilot were killed when the plane they were on lost altitude and crashed shortly after taking off.;11;710;11;10;2013;1;0;0;0;0;0;0;0;0;0;1;0;0;0
2013/11/3;16:00;Riberalta, Bolivia;Aerocon;?;Trinidad, Bolivia - Riberalta, Bolivia;0;CP-275;AC-721B?;18 ? (passengers:16? crew:2);8 ? (passengers:8? crew:0);While landing in heavy rain, the aircraft veered off the runway, caught fire after hitting some brush and came to rest inverted.;18;AC-721B?;8;11;2013;0.4444;0;0;0;0;0;0;0;0;0;0;1;0;0
2013/11/9;10:30;Pujungan, Malinau district, Borneo;Military - Indonesian Army;?;Tarakan - Malinau;0;?;?;21 ? (passengers:13? crew:8);13 ? (passengers:7? crew:6);After losing power, the helicopter crashed into dense jungle and burst into flames. It was carrying construction materials, 8 military personnel and 13 civilian construction workers. Two military personnel and 6 passengers survived.;21;?;13;11;2013;0.619;0;0;0;0;0;0;0;0;0;0;1;0;0
2013/11/10;18:34;Red Lake, Ontario, Canada;Bearskin Airlines;?;Sioux Lookout - Red Lake;0;C-FFZN;AC785B;7 ? (passengers:5? crew:2);5 ? (passengers:3? crew:2);The aircraft was on approach to runway 26, in light snow, when it crashed and burned in the surrounding forest. Three of the five passengers and the two pilots were killed.;7;AC785B;5;11;2013;0.7143;0;0;0;0;0;0;0;0;0;0;1;0;0
2013/11/17;19:20;Near Kazan, Russia;Tararstan Airlilnes;363;Moscow - Kastan;1;VQ-BBN;24785/1882;50 ? (passengers:44? crew:6);50 ? (passengers:44? crew:6);The airliner went into a nearly vertical dive and crashed onto the runway and disintegrated, after attempting to land a second time. The aircraft hit the runway and burst into flames. The pilot in command, in executing a go-around, apparently placed the plane in an excessive nose high attitude, stalling the plane. Inexperienced crew, poor flight safety standards at the Tatarstan air company and lack of proper control over crew training.;50;24785/1882;50;11;2013;1;0;0;0;0;0;0;0;0;0;0;1;0;0
2013/11/19;19:55;Off Fort Lauderdale, Florida;AirVac International;?;Fort Lauderdale - Cozumel, Mexico;0;XA-USD?;35A-255;2 ? (passengers:2? crew:2);2 ? (passengers:2? crew:2);The jet had just taken off from Fort Lauderdale/Hollywood International Airport when the crew radioed a request to return to the airport. That was followed by a Mayday after which the aircraft crashed into the ocean approximately 3 miles from the coast.;2;35A-255;2;11;2013;1;0;0;0;0;0;0;0;0;0;0;1;0;0
2013/11/25;13:30;Kibeni, Papua New Guinea;Tropicair;?;Kimusi - Purari;0;P2-SAH;208B-1263;10 ? (passengers:9? crew:1);3 ? (passengers:3? crew:0);The passenger plane crash-landed in a river in Gulf provence. Seven passengers and the pilot escaped with minor injuries.;10;208B-1263;3;11;2013;0.3;0;0;0;0;0;0;0;0;0;0;1;0;0
2013/11/29;13:30;Bwabwata National Park, Nambia;Mozambique Airline;470;Maputo, Mozambique - Luanda, Angola;0;C9-EMC;19000581;33 ? (passengers:27? crew:6);33 ? (passengers:27? crew:6);The airliner crashed into Bwabwata National Park while en route to Luanda. The plane was found completely burned out with no survivors. The plane went missing in bad weather and poor visibility.;33;19000581;33;11;2013;1;0;0;0;0;0;0;0;0;0;0;1;0;1
2013/11/29;20:25;Glasgow Scotland;Bond Air Services Ltd.;?;?;0;G-SPAO;546;3 ? (passengers:2? crew:1);3 ? (passengers:2? crew:1);The police helicopter crashed into the roof of the Clutha Pub in central Glasgow killing at least 5 patrons along with 3 aboard he helicopter. The helicopter was carrying a civilian pilot and two Strathclyde police officers.;3;546;3;11;2013;1;0;0;0;0;0;0;0;0;0;0;1;0;0
2013/11/29;18:30;Near St. Marys, Alaska;Hageland Aviation Services;1453;Bethel - Saint Marys;0;N12373;208B0697;10 ? (passengers:9? crew:1);4 ? (passengers:3? crew:1);The commuter plane crashed about 4 miles East of St. Marys in freezing rain.;10;208B0697;4;11;2013;0.4;0;0;0;0;0;0;0;0;0;0;1;0;0
2013/12/5;?;Near Cachimbo, Brazil;Heringer Taxi Aero;?;Pukanu - Novo Progresso;0;PT-WMY;314;5 ? (passengers:3? crew:2);5 ? (passengers:3? crew:2);While performing an ambulance flight, the aircraft crashed under unknown circumstances in a wooded area killing 3 passengers and 2 pilots.;5;314;5;12;2013;1;0;0;0;0;0;0;0;0;0;0;0;1;0
2013/12/11;15:48;Kalaupapa, Hawaii;Makani Kai Air;?;Kalaupapa - Honolulu;0;N687MA?;208B-1002;9 ? (passengers:8? crew:1);1 ? (passengers:1? crew:0);The aircraft crashed into the ocean shortly after taking off from Kalaupapa Airport. Preliminary indications are that there was catastrophic engine failure.;9;208B-1002;1;12;2013;0.1111;0;0;0;0;0;0;0;0;0;0;0;1;0
2013/12/26;21:39;Irkutsk, Russia;IrAvia;?;Novosibirsk - Ikustsk;0;12162;3341509;9 ? (passengers:3? crew:6);9 ? (passengers:3? crew:6);The cargo plane, carrying spare parts, crashed into a military army arsenal at Ikustsk-2 Airport while attempting to land. The crew of 6 and 3 technicians were all killed.;9;3341509;9;12;2013;1;0;0;0;0;0;0;0;0;0;0;0;1;0
2014/1/18;11:00;Near Olive Creek, Guyana;Trans Guyana Airways;700;Olive Creek - Imbaimada;0;8R-GHS?;208B0830;2 ? (passengers:0? crew:2);2 ? (passengers:0? crew:2);The aircraft crashed in a wooded area while en route. Both crew members aboard were killed.;2;208B0830;2;1;2014;1;1;0;0;0;0;0;0;0;0;0;0;0;0
2014/1/20;16:34;Near Petreasa Romania;Scoala Superioara de Aviatie Civla;?;Bucharest - Oradea;0;YR-BNP;822;7 ? (passengers:5? crew:2);2 ? (passengers:1? crew:1);The air ambulance left Bucharest with a medical team to obtain transplant organs. After experiencing problems with the engines the pilot attempted to make an emergency landing but crashed on a hillside in deep snow. All aboard initially survived but the pilot and a medical student died before the rescue party reached the aircraft.;7;822;2;1;2014;0.2857;1;0;0;0;0;0;0;0;0;0;0;0;0
2014/2/11;11:59;Near Ain Kercha, Algeria;Military - Algerian Air Force;?;Tamanarasset - Constatine;0;7T-WHM;4919;78 ? (passengers:?? crew:?);77 ? (passengers:?? crew:?);The military transport crashed into a mountainous region approximaely 30 miles southeast of Constatine Airport. Unfavorable weather conditions and storms accompanied by snow were reported in the area.;78;4919;77;2;2014;0.9872;0;1;0;0;0;0;0;0;0;0;0;0;1
2014/2/16;13:15;Sandhikhark, Nepal;Nepal Airlines;183;Kathmandu - Pokhara - Jumla;0;9N-ABB?;302;18 ? (passengers:15? crew:3);18 ? (passengers:15? crew:3);The passenger plane crashed into a snow covered mountain and burst into flames while en route from Pokhara to Jamia. Weather was poor at the time of the accident.;18;302;18;2;2014;1;0;1;0;0;0;0;0;0;0;0;0;0;1
2014/2/21;01:45;Grombalia, Tunisia;Libyan Air Cargo;?;Tripoli - Tunis;0;5A-DOW?;11809;11 ? (passengers:6? crew:5);11 ? (passengers:6? crew:5);The aircraft, carrying a medical team with three patients, was destroyed when it crashed in a field, 20 miles from Tunis-Carthage Airport. The pilot reported an engine on fire prior to the accident.;11;11809;11;2;2014;1;0;1;0;0;0;0;0;0;0;0;0;0;0
2014/2/26;21:05;Near Lanai Airport, Hawaii;Maui Air;?;Lanai - Kahului;0;N483VA;31-7552124;6 ? (passengers:5? crew:1);3 ? (passengers:2? crew:1);The charter flight crashed in flat grasslands near the Maui Electric Co. power plant shortly after taking off from Lanai Airport. The pilot and two passengers were killed. The plane was destroyed by fire.;6;31-7552124;3;2;2014;0.5;0;1;0;0;0;0;0;0;0;0;0;0;0
2014/3/8;241;South Indian Ocean;Malaysia Airlines;370;Kuala Lumpur?- Beijing;1;9M-MRO;28420/404;239 ? (passengers:227? crew:12);239 ? (passengers:227? crew:12);Radar contact was lost with the aircraft 2 hours into the flight at 0240. All indications are that the aircraft changed direction from its flight path and crashed in a remote part of the Indian Ocean southwest of Perth Australia. It is assumed all 227 passengers and crew of 12 perished.;239;28420/404;239;3;2014;1;0;0;1;0;0;0;0;0;0;0;0;0;0
2014/3/18;752;Seattle, Washington;Helicopters Inc / KOMO TV;?;News reporting;0;N250FB;3669;2 ? (passengers:1? crew:1);2 ? (passengers:1? crew:1);The news helicopter crashed and burst into flames shortl after taking off striking three vehicles. One person in one of the vehicles was badly burned. The helicopter Photojournalist Bill Strothman and the pilot were both killed.;2;3669;2;3;2014;1;0;0;1;0;0;0;0;0;0;0;0;0;0
2014/3/22;1130;Caboolture, Queensland, Australia;Skydive Caboolture;?;Parachuting;0;VH-FRT;U2064019;5 ? (passengers:4? crew:1);5 ? (passengers:4? crew:1);The skydiving plane crashed and burned shortly after taking off from Caboolture airfieldl. The pilot and four skydivers were all kille;5;U2064019;5;3;2014;1;0;0;1;0;0;0;0;0;0;0;0;0;0
2014/4/8;1556;Near Bethel, Alaska;Hageland Aviaiton Services;?;Training;0;N126AR;208B-104;2 ? (passengers:0? crew:2);2 ? (passengers:0? crew:2);The training flight impacted terrain in the Three Steps Mountain region approximately 30 miles southeast of Bethel. The burning wreckage was spotted two hour later. Two pilots were killed. No passengers were aboard.;2;208B-104;2;4;2014;1;0;0;0;1;0;0;0;0;0;0;0;0;0
2014/4/19;1945;Ramos Arizpe, Mexico;Lineas Aereas Comerciales;?;Cozumel - Ramos Arizpe;0;XA-UKR;25719;8 ? (passengers:6? crew:2);8 ? (passengers:6? crew:2);While on approach, in fog, the jet crashed into an park about half-a-mile north of Saltillo-Plan de Guadalupe International Airport.;8;25719;8;4;2014;1;0;0;0;1;0;0;0;0;0;0;0;0;0
2014/4/20;1530;Jamijarvi, Finland;Suomen Urheiluilmailijat;?;Skydiving;0;OH-XDZ?;?;8 ? (passengers:7? crew:1);8 ? (passengers:7? crew:1);While carrying skydivers, the experimental plane went into a spin and crashed and burned in a forest. The pilot and two skydivers were able to parachute to safety with minor injuries.;8;?;8;4;2014;1;0;0;0;1;0;0;0;0;0;0;0;0;0
2014/5/8;1245;Near San Vicente del Caguan, Colombia;Alisansa Colombia;?;Villavicencio - Florencia;0;HK-4700;9700;6 ? (passengers:0? crew:6);6 ? (passengers:0? crew:6);The Cargo plane sruck the side of a mountain about 25 miles north of San Vicente del Cagu치n?while en route.;6;9700;6;5;2014;1;0;0;0;0;1;0;0;0;0;0;0;0;0
2014/5/17;800;Xiang Khouang province, Laos;Laos Air Force;?;Vientiane - Xiangkhoung;0;RDPL-34020?;36547098982;17 ? (passengers:11? crew:6);16 ? (passengers:10? crew:6);The military aircraft crashed in a wooded area while approaching Xiangkhoung's airport, killing 16 people. Among those killed were defense minister Douangchay Phichit and other high ranking officials.;17;36547098982;16;5;2014;0.9412;0;0;0;0;1;0;0;0;0;0;0;0;0
2014/6/14;50;Lugansk, Ukraine;Military - Ukraine Air Force;?;?;0;76777;83482490;49 ? (passengers:40? crew:9);49 ? (passengers:40? crew:9);The military transport crashed in a wheat field  near Lugansk Airport after being shot down by anti-aircraft fire.;49;83482490;49;6;2014;1;0;0;0;0;0;1;0;0;0;0;0;0;0
2014/7/2;?;Near Nairobi, Kenya;Skyward International Aviation;?;Nairobi - Mogadishu, Somalia;0;5Y-CET;20262;4 ? (passengers:0? crew:4);4 ? (passengers:0? crew:4);The cargo plane, transporting the mild stimulant known as Khat to the Somali capital, Mogadishu, crashed into a commercial building after taking off from Jomo Kenyatta International Airport.;4;20262;4;7;2014;1;0;0;0;0;0;0;1;0;0;0;0;0;0
2014/7/7;750;Thach That district, Vietnam;Military - Vietnam People's Army Air Force;?;Training;0;?;?;19 ? (passengers:21? crew:2);18 ? (passengers:?? crew:?);The helicopter crashed about  40 km west of Hanoi, 15 minutes after taking off during a parachute training mission.;19;?;18;7;2014;0.9474;0;0;0;0;0;0;1;0;0;0;0;0;0
2014/7/17;1315Z;Hrabove, Ukraine;Malaysia Airlines;17;Amsterdam - Kuala Lumpur;1;9M-MRD;28411/84;298 ? (passengers:283? crew:15);298 ? (passengers:283? crew:15);A Boeing 777-200 airliner operating as  Malaysia Airlines Flight 17, crashed about 40 miles east of Donetsk, Ukraine. The plane was 90 minutes into its flight, flying at 33,000 feet, when it was apparently hit by a Russian Buk missile. The missile exploded a few feet away from the cockpit .Debris was spread over a wide area. All 283 passengers and crew of 15 were killed.;298;28411/84;298;7;2014;1;0;0;0;0;0;0;1;0;0;0;0;0;0
2014/7/23;1906;Magong, Taiwan;TransAsia Airways;222;Kaohsiung - Magong;0;B-22810;642;58 ? (passengers:54? crew:4);48 ? (passengers:44? crew:4);The passenger plane crashed into residential building while attempting to make an emergency landing during inclement weather due to the passing of hurricane Matmo.  The flight recorder revealed that after the the crew lost track of its flight path and moved away from the runway, the plane rapidly lost altitude and crashed to the ground in a period of 7.9 seconds. By the time the two pilots yelled to go around, there was nothing they could do to change the velocity and altitude of the plane in time to prevent a crash. The airport's control tower did not inform the aircraft of local weather conditions.The cause was  pilot error and a failure within the airline to follow safety procedures.;58;642;48;7;2014;0.8276;0;0;0;0;0;0;1;0;0;0;0;0;1
2014/7/24;230;Aguelhok, Mali;Air Algerie;5017;Ouagadougou, Burkina Faso - Algiers, Algeria;0;EC-LTV;53190/2148;116 ? (passengers:110? crew:6);116 ? (passengers:110? crew:6);Radar contact was lost 50 minutes after the flight took off from Ouagadougou and after the crew diverted from their planned course due to bad weather. Wreckage was found in the northern mali dessert. The plane was on loan from Swiftair.;116;53190/2148;116;7;2014;1;0;0;0;0;0;0;1;0;0;0;0;0;1
2014/8/10;920;Tehran, Iran;Sepahan Airlines;5915;Tehran - Tabas;0;EP-GPA;9005;48 ? (passengers:40? crew:8);39 ? (passengers:31? crew:8);After taking off, the passenger banked to the right, lost altitude, and crashed into a residential neighborhood, bursting into flames. The plane appeared to have lost an engine during the takeoff. Excessive load and malfuncioning propeller.;48;9005;39;8;2014;0.8125;0;0;0;0;0;0;0;1;0;0;0;0;0
2014/8/16;500;Grand Manan Island, New Brunswick, Canada;Atlantic Charters;?;St. John - Manan;0;C-GKWE;31-7812037;4 ? (passengers:2? crew:2);2 ? (passengers:1? crew:1);The air ambulance carrying 4 people crashed in a wooded area shortly after 5 AM. The pilot and paramedic were killed. A nurse and second pilot survived. The accident happened after the plane dropped off a patiant at St. Johns Regional Hospital.;4;31-7812037;2;8;2014;0.5;0;0;0;0;0;0;0;1;0;0;0;0;0
2014/8/27;1700;Las Cruces, New Mexico;Amigos Aviation / Elite Medical Transport;?;Las Cruces - Phoenix;0;N51RX;421C0871;4 ? (passengers:3? crew:1);4 ? (passengers:3? crew:1);The twin engine aircraft had just left the Las Cruces Airport at a low altitude when it crashed and burst into flames. All aboard including a flight paramedic, flight nurse , patient and pilot were killed. The plane was refueled with jet fuel instead of aviation gasoline.;4;421C0871;4;8;2014;1;0;0;0;0;0;0;0;1;0;0;0;0;0
2014/8/30;240;Tamanraset, Algeria;Ukraine Air Alliance;?;Glascow -Tamanraset - Equitorial Guinea;0;UR-DWF;8345802;7 ? (passengers:5? crew:2);7 ? (passengers:5? crew:2);The cargo plane crashed in the mountainous southeastern region of Algereia, 15 km south of the airport, shortly after taking off.;7;8345802;7;8;2014;1;0;0;0;0;0;0;0;1;0;0;0;0;0
2014/8/31;1945;Mwanza, Tanzania;Safari Express Cargo;?;Mwanza - Nairobi;0;5Y-SXP;10681;3 ? (passengers:1? crew:2);3 ? (passengers:1? crew:2);The cargo plane crashed within the borders of Serengeti National Park not far from the Kenya - Tanzania border, shortly after taking off from Mwanza.;3;10681;3;8;2014;1;0;0;0;0;0;0;0;1;0;0;0;0;0
2014/9/6;1450;Near Puerto Santander, Colombia;Laser;?;Araracuara - Florencia;0;HK-4755;31-7952044;10 ? (passengers:8? crew:2);10 ? (passengers:8? crew:2);The passenger plane crashed into the jungle while en route. The aircraft was located 6 miles from the town of Puerto Santander, fragmented and burned.;10;31-7952044;10;9;2014;1;0;0;0;0;0;0;0;0;1;0;0;0;0
2014/9/20;935;Near Port Moresby, Papua New Guinea;Hevlift;?;Woitape - Port Moresby;0;P2-KSV;528;9 ? (passengers:7? crew:2);4 ? (passengers:2? crew:2);While approaching Port Moresby Jacksons International Airport, the unscheduled passenger plane impacted terrain near the top of Mt. Lawes, 7 miles east northeast of the airport in poor weather.;9;528;4;9;2014;0.4444;0;0;0;0;0;0;0;0;1;0;0;0;1
2014/10/4;156;Wichita Falls, Texas;Air Evac Lifeteam;?;Waurika, OK - Wichita Falls, TX;0;?;?;4 ? (passengers:1? crew:3);2 ? (passengers:1? crew:1);The air ambulance crashed while transporting a patient from Waurika, Oklahoma to United Regional Health Center. The patient was killed and 3 crew members injured.;4;?;2;10;2014;0.5;0;0;0;0;0;0;0;0;0;1;0;0;0
2014/12/2;937;Off Nassau, New Providence Island, Bahamas;Ferg's Air Charter;?;Governors Harbour - Lynden Pindling Int;0;C6-REV?;31-765062;11 ? (passengers:10? crew:1);1 ? (passengers:1? crew:0);The pilot of the charter aircraft radoed he had lost power after which he ditched the aircraft in shallow water 550 feet off shore, near Clifton Pier.;11;31-765062;1;12;2014;0.0909;0;0;0;0;0;0;0;0;0;0;0;1;0
2014/12/3;930;Near Mariquita, Colombia;Nacional de Aviaci칩n;?;Guaymaral - Bahia Solano;0;HK-4464?;31-7952229;10 ? (passengers:8? crew:2);10 ? (passengers:8? crew:2);The pilot stated he was making an emergency landing but crashed 8 miles from the Jose Celestino Mutis airport. The impact completely destroyed the plane.;10;31-7952229;10;12;2014;1;0;0;0;0;0;0;0;0;0;0;0;1;0
2014/12/24;1430;Near Piedecuesta, Colombia;Alas de Columbia;?;Bucaramanga - M치laga;0;HK-4892;20700646;7 ? (passengers:6? crew:1);7 ? (passengers:6? crew:1);After radioing air traffic control to report a problem with the engine oil pressure, the pilot attempted an emergency landing, but the aircraft crashed close to Mesa de los antos killing all seven aboard.;7;20700646;7;12;2014;1;0;0;0;0;0;0;0;0;0;0;0;1;0
2014/12/28;300;Near Uvira, Congo;Air Sirin;902;Bujumbura, Burundi - Pointe Noire, Congo;0;4L-AFS;8606;6 ? (passengers:0? crew:6);6 ? (passengers:0? crew:6);The cargo plane impacted a mountainside while en route.;6;8606;6;12;2014;1;0;0;0;0;0;0;0;0;0;0;0;1;0
2014/12/28;618;Java Sea;AirAsia;8501;Surabaya - Singapore;1;PK-AXC;3648;162 ? (passengers:155? crew:7);162 ? (passengers:155? crew:7);The aircraft went missing while en route from Suabaya to Singapore. Contact was lost about 40 minutes after taking off. Before contact was lost, the pilot requested a route change due to weather conditions. Preliminary indications are the plane ran into poor weather and stalled from FL320. The rudder travel limiter faulted 3 times during the flight. On the fourth fault the captain decided to try resetting the system by pulling circuit breakers as he had seen a maintenance technician do on the ground. This caused the autopilot to disengage causing the plane to bank 54 degrees. The the first officer, who was flying, became disoriented and was slow to correct the bank. He then put the plane into a steep climb that caused the aircraft to stall and eventually crash. Records show that the plane flew with that mechanical problem for 12 months preceding the accident.;162;3648;162;12;2014;1;0;0;0;0;0;0;0;0;0;0;0;1;1
2015/1/18;?;Near Abu adh Dhuhur Air Base, Syria;Syrian Air Force;?;?;0;?;?;37 ? (passengers:35? crew:2);37 ? (passengers:35? crew:2);The army transport crashed while attempting to land in fog after hitting electric lines. The Al Nursa front, claimed that it shot down the aircraft.;37;?;37;1;2015;1;1;0;0;0;0;0;0;0;0;0;0;0;0
2015/2/4;1055;Taipei, Taiwan;Transasia;235;Taipei - Kinmen;0;B-22816;1141;58 ? (passengers:53? crew:5);40 ? (passengers:36? crew:4);After the aircraft took off, it climbed to 1,300 feet, turned left and began losing altitude and speed. It then, banked to 90 degrees, the wingtip striking a taxi on a roadway and crashed into the Keelung River, coming to rest inverted. A speed sensor on the right engine malfunctioned and caused it to feather. The captain then  mistakenly throttled down a still-running left engine. Without any engine power, the plane lost altitude and crashed,. Pilot error.;58;1141;40;2;2015;0.6897;0;1;0;0;0;0;0;0;0;0;0;0;0
2015/3/10;?;Villa Castelli, Argenina;Private;?;?;0;?;?;10 ? (passengers:8? crew:2);10 ? (passengers:8? crew:2);Three French sports figures participating in a reality show were killed along with seven other people when the two helicopters filming the show collided.;10;?;10;3;2015;1;0;0;1;0;0;0;0;0;0;0;0;0;0
2015/3/24;1053;Near Digne-Les-Bains, France;Germanwings;9525;Barcelona, Spain - Dusseldorf, Germany;1;D-AIPX;147;150 ? (passengers:144? crew:6);150 ? (passengers:144? crew:6);The jetliner crashed in a remote mountainous area of southern France. The plane was obliterated with no wreckage larger than a small car. According to a flight tracker, the plane fell from 38,000 ft. to 11,400 ft. in eight minutes. The aircraft impacted the ground at a high rate of speed.The copilot locked the captain out of the cockpit and put the plane into a controlled descent until it impacted the ground.;150;147;150;3;2015;1;0;0;1;0;0;0;0;0;0;0;0;0;0
2015/4/20;?;Punta Cana, Dominican Republic;Sky High Aviation Services;?;Punta Cana - Arroyo Barril;0;HI-957?;?;7 ? (passengers:6? crew:1);7 ? (passengers:6? crew:1);The plane crashed shortly after taking off. The pilot tried to make an emergency landing onto a golf course but the plane struck a tree an burst into flames.;7;?;7;4;2015;1;0;0;0;1;0;0;0;0;0;0;0;0;0
2015/6/25;1343;Ella Lake, Alaska;Promech Air;?;Sightseeing;0;N270PA;270;9 ? (passengers:8? crew:1);9 ? (passengers:8? crew:1);The Twin Otter crashed while on a sightseeing tour carrying cruise ship passengers. The plane impacted a granite rock face cliff near Ella Lake, about 25 miles northeast of Ketchikan.;9;270;9;6;2015;1;0;0;0;0;0;1;0;0;0;0;0;0;0
2015/6/30;1148;Medan, Indonesia;Military - Indonesian Air Force;?;Medan - Tanjung Pinang, Sumatra.;0;A-1310;3616;122 ? (passengers:110? crew:12);122 ? (passengers:110? crew:12);The military transport crashed shortly after taking off from Soewondo Air Base. Two minutes into the flight, the crew radioed they were having engine problems and returning to the airport. Soon after, the plane went down in a populated area, hitting two empty buildings. The plane was carrying civilian relatives of military personnel.;122;3616;122;6;2015;1;0;0;0;0;0;1;0;0;0;0;0;0;0
2015/7/17;1322;Near Juneau, Alaska;Wings of Alaska;202;Juneau - Hoonah;0;N62AK;"	20700780";5 ? (passengers:4? crew:1);1 ? (passengers:0? crew:1);The scheduled passenger plane crashed in a wooded forest northeast of Juneau, 15 minutes into a 20 minute flight to Hoonah. The pilot was killed and the passengers sustained serious injuries.;5;"	20700780";1;7;2015;0.2;0;0;0;0;0;0;1;0;0;0;0;0;0
2015/7/31;?;Near Agustin Codazzi, Colombia;Military - Colombia Air Force;?;Palanquero AB -Valledupar;0;FAC1261;C-118;11 ? (passengers:0? crew:11);11 ? (passengers:0? crew:11);The military transport crashed while en route after the crew reported engine problems. The weather was reported to be poor at the time of the crash.;11;C-118;11;7;2015;1;0;0;0;0;0;0;1;0;0;0;0;0;1
2015/8/12;845;Ninia, Indonesia;Komala Air;?;Wamena - Ninia;0;PK-KIG;650-0151;6 ? (passengers:4? crew:2);1 ? (passengers:0? crew:1);Strong winds forced the crew to enter a holding pattern for 40 minutes. While attempting to land, the pilot touched down half-way down the runway and was unable to stop within the remaining distance. The plane overran the runway and went down an embankment before coming to rest. The copilot was killed.;6;650-0151;1;8;2015;0.1667;0;0;0;0;0;0;0;1;0;0;0;0;0
2015/8/16;1455;Tangok mountain, Papua;Trigana Air Service;267;Jayapura- Oksibil;0;PK-YRN;102;54 ? (passengers:49? crew:5);54 ? (passengers:49? crew:5);The passenger plane crashed into Tangok mountain located in a remote area of Papua's eastern most provence. There was no distress call from the aircraft. High winds and heavy rain was reported in the accident area.;54;102;54;8;2015;1;0;0;0;0;0;0;0;1;0;0;0;0;0
2015/9/5;1908;Off Dakar, Near Dioubel, Senegal;Senegalair;71;Ouagadougou - Dakar;0;6V-AIM;257062;7 ? (passengers:5? crew:2);7 ? (passengers:2? crew:5);The air ambulance went missing while on a medical flight. Seven people were on board, including two pilots from Algeria, a flight engineer from Congo, three Senegalese medical crew and a French patient.;7;257062;7;9;2015;1;0;0;0;0;0;0;0;0;1;0;0;0;0
2015/9/15;624;Iliamna East Wind Lake, Alaska;Rainbow King Lodge;?;Iliamna - Remote lake;0;N928PK;61;7 ? (passengers:6? crew:1);3 ? (passengers:3? crew:0);While on the way to a remote fishing site, the non-sceduled passenger float plane crashed in trees as it attempted to take off. Three of the passengers were killed.;7;61;3;9;2015;0.4286;0;0;0;0;0;0;0;0;1;0;0;0;0
2015/10/2;19;Jalalabad, Afghanistan;Military - U.S. Army;?;?;0;?;?;11 ? (passengers:5? crew:6);11 ? (passengers:5? crew:6);The military transport crashed while taking off from Jalalabad Airport. Five crew members, 5 passengers and 2 on the ground were killed.;11;?;11;10;2015;1;0;0;0;0;0;0;0;0;0;1;0;0;0
2015/10/2;1429;Near Masamba, Indonesia;Avistar Mandari?;7503;Masamba - Makassar;0;PK-BRM;741;10 ? (passengers:7? crew:3);10 ? (passengers:7? crew:3);The aircraft went missing minutes after talking off from the airport. Seven passengers and three crew were on board. Wreckage was located on Mount Latimojong.;10;741;10;10;2015;1;0;0;0;0;0;0;0;0;0;1;0;0;0
2015/10/31;830;Near Ilaga, Indonesia;Trigana Air Service;?;Timik - Ilaga;0;PK-SWW;303;4 ? (passengers:0? crew:4);4 ? (passengers:0? crew:4);The cargo plane carrying construction materials, hit the slope of a mountain in Iiaga Pass, 12 km south of Ilaga airport and disintegrated upon impact.;4;303;4;10;2015;1;0;0;0;0;0;0;0;0;0;1;0;0;0
2015/10/31;613;Near Hasna, Egypt;Metrojet;9268;Sharem el Sheikh - St. Petersburg;1;EI-ETJ;663;224 ? (passengers:217? crew:7);224 ? (passengers:217? crew:7);Approximate 25 minutes after taking off from Sharem el Sheikh airport, radar contact was lost with the airliner. Wreckage was found near Hasna in the north Sinai. The aircraft was flying at about 30,000 feet when contact with the plane was lost. The aircraft was brought down by a homemade explosive device.;224;663;224;10;2015;1;0;0;0;0;0;0;0;0;0;1;0;0;0
2015/11/4;900;Juba, South Sudan;Allied Services Limited?;?;Juba - Paloich;0;EY-406?;1347704;43 ? (passengers:38? crew:5);41 ? (passengers:37? crew:4);The cargo plane had just taken off from Juba Airport when it had difficulty gaining altitude and crashed into a hill about half a mile east of Runway 13.;43;1347704;41;11;2015;0.9535;0;0;0;0;0;0;0;0;0;0;1;0;0
2015/11/21;1155;  Fox Glacier, South Valley, New Zealand;Alpine Adventures;?;Sightseeing;0;ZK-HKU;1132;7 ? (passengers:6? crew:1);7 ? (passengers:6? crew:1);The sightseeing helicopter crashed into a crevasse on Fox Glacier. The wreckage site was 2, 500 feet up the valley with debris scattered across hundreds of feet.;7;1132;7;11;2015;1;0;0;0;0;0;0;0;0;0;0;1;0;0
2015/11/24;1015;Near Igarka, Russia;Turuhan Avia;?;Igarka - Krasnyi Selkub;0;RA-2561;98206821/59;26 ? (passengers:22? crew:4);15 ? (passengers:13? crew:2);Contact with the helicopter, which was heading to an oil pumping station, was lost 15 minutes after taking off. One of the pilots and a mechanic were among the crew members killed.;26;98206821/59;15;11;2015;0.5769;0;0;0;0;0;0;0;0;0;0;1;0;0
2015/12/22;940;Delhi, India;Border Security Force;?;Delhi - Ranchi;0;VT-BSA?;BB-1485;10 ? (passengers:9? crew:1);10 ? (passengers:9? crew:1);Shortly after taking off, the pilot indicated they wanted to return to the airport. Soon after, the aircraft impacted terrain near Delhi Indira Gandhi Airport.;10;BB-1485;10;12;2015;1;0;0;0;0;0;0;0;0;0;0;0;1;0
2015/12/24;835;Mbuji, Congo;Services Air;?;Lubumbashi - Mbuji-Mayi;1;9Q-CVH;413;4 ? (passengers:0? crew:4);0 ? (passengers:0? crew:0);While landing at Mbuji-Mayi Airport, the cargo plane overran the runway and crashed into several houses.;4;413;0;12;2015;0;0;0;0;0;0;0;0;0;0;0;0;1;0
2016/1/8;20;Akkajaure Lake, Norrbotten, Sweden;West Air Sweden;294;Oslo - Troms칮;0;SE-DUX;7010;2 ? (passengers:0? crew:2);2 ? (passengers:0? crew:2);"While en route, the crew of the cargo plan sent a unintelligible mayday message. The plane went into a near vertical dive and disintegrated on impact with the ground. PC While flying at night, one Inertial Reference Unit failed and suddenly the instruments for the pilot flying showed the plane pitching steeply up, which he tried to correct.  Due to the plane's unusual attitude, the instruments went into a ""declutter"" mode, which among other things removed the indication that the two pilots' instruments were conflicting.";2;7010;2;1;2016;1;1;0;0;0;0;0;0;0;0;0;0;0;0
2016/2/2;?; Near Mogadishu, Somalia;Daallo Airlines;3159;Mogadishu - Djibouti;1;SX-BHS;642;72 ? (passengers:72? crew:?);1 ? (passengers:1? crew:?);Shortly after leaving Mogadishu Airport a loud bang was heard in the cabin. There was a loss of pressurization and the plane made an emergency landing back at the airport. A large hole was observed in the side of the fuselage. A bomb containing TNT was detonated in the cabin. The bomber was sucked out of the plane and killed.;72;642;1;2;2016;0.0139;0;1;0;0;0;0;0;0;0;0;0;0;0
2016/2/24;815;Dana, Nepal;Tara Air;193;?;0;9N-AHH;926;23 ? (passengers:20? crew:3);23 ? (passengers:20? crew:3);The plane crashed in the mountainous northern region of Nepal half-way through a 20 minute flight to Jomsom. The plane was relatively new. There was wind and dense fog at the time of the accident.;23;926;23;2;2016;1;0;1;0;0;0;0;0;0;0;0;0;0;0
2016/2/26;?;250 miles northwest of Kathmandu, Nepal;Kasthamandap Airlines;?;Nepalganj - Jumla;0;9N-AJB;160;11 ? (passengers:9? crew:2);2 ? (passengers:0? crew:2);The plane went into a steep descent and crashed onto a field in the mountains of the Kalikot district. The plane was reported to be trying to make an emergency landing. Both the pilot and copilot were killed and nine passengers were injured.;11;160;2;2;2016;0.1818;0;1;0;0;0;0;0;0;0;0;0;0;0
2016/3/9;905;Cox's Bazar, Bangladesh;True Aviation Ltd.;?;Cox's Bazar - Jessore;0;S2-AGZ;13408;4 ? (passengers:0? crew:4);3 ? (passengers:0? crew:3);The cargo plane, carrying shrimp, crashed less than 5 minutes after taking off from Cox's Bazar Airport. The pilot declaired an emergency and tried to return to the airport but crashed into the shallow waters of the Bay of Bengal just offshore.;4;13408;3;3;2016;0.75;0;0;1;0;0;0;0;0;0;0;0;0;0
2016/3/15;1430;Fatima Pastaza, Ecuador;Military - Ecuador Army;?;Training;0;E-206;90;22 ? (passengers:19? crew:3);22 ? (passengers:19? crew:3);The crew was conducting sky diving exercises when, an hour into the flight they radioed they were returning to base due to deuterating weather conditions. Shortly thereafter the plane went out of control and crashed in a wooded area. Nineteen passengers and the 3 pilots were killed.;22;90;22;3;2016;1;0;0;1;0;0;0;0;0;0;0;0;0;1
2016/3/19;341;"	Rostov-on-Don, Russia";Flydubai;981;Dubai - Rostov;0;A6-FDN;40241/3517;62 ? (passengers:55? crew:7);62 ? (passengers:55? crew:7);At 2237, at Rostov-on-Don, the crew aborted a landing attempt to Runway 22 due to poor weather conditions. The plane was instructed to enter a holding pattern at 15,000 feet where it remained for a little under two hours. During a second landing attempt, at 3.4 miles from the runway and an altitude of 1,500 feet the crew executed a second go around and climbed to 3,975 feet, after which, the plane went out of control in a nose down attitude and hit the runway at high rate of speed and disintegrated.;62;40241/3517;62;3;2016;1;0;0;1;0;0;0;0;0;0;0;0;0;1
2016/3/29;1140;Magdelen Islands, Quebec, Canada;Marquise Aviation Corp.;?;Montreal - Iles-de-la-Magdelen;0;N246W;1552S-A;7 ? (passengers:5? crew:2);7 ? (passengers:5? crew:2);The plane crashed while on approach to Iles-de-la-Magdelen Airport in poor weather conditions. Former Canadian cabinet minister Jean Lapierre, his wife, 2 brothers and sister were among those killed. All five were on the way to a funeral for Lapierre's father. The pilot was flying the plane too fast and too high while on approach to land.;7;1552S-A;7;3;2016;1;0;0;1;0;0;0;0;0;0;0;0;0;1
2016/4/4;1530;Near Pigeon Forge, Tennessee;Smoky Mountain Helicopters;?;Sightseeing;0;N16760;45081;5 ? (passengers:4? crew:1);5 ? (passengers:4? crew:1);The helicopter crashed in a wooded hillside while on a sightseeing flight..;5;45081;5;4;2016;1;0;0;0;1;0;0;0;0;0;0;0;0;0
2016/4/13;1420;Kiunga, Papua New Guinea;Sunbird Aviation;?;Oksapmin - Kiungaraining;0;P2-SBC;3010;12 ? (passengers:11? crew:1);12 ? (passengers:11? crew:1);While on approach, the plane stalled and crased in a wooded area 1 km short of the runway. The accident took place in stormy weather.Three survived, but later died of their injuries. Possible engine failure.;12;3010;12;4;2016;1;0;0;0;1;0;0;0;0;0;0;0;0;1
2016/4/29;1150;Sorta, Norway;"	CHC Helikopter Service";?;Gullfflex B - Bergen;0;" 	LN-OJF";2721;13 ? (passengers:11? crew:2);13 ? (passengers:11? crew:2);The helicopter crashed on the rocky shores of Tuoy Island whle returning to Bergen from Oil platform Gullflex B. All 11 passengers and 2 pilots were killed. A video taken by an eyewitness shows the main rotor separating from the helicopter before it crashed.;13;2721;13;4;2016;1;0;0;0;1;0;0;0;0;0;0;0;0;0
2016/5/19;249;175 miles off the Egyptian coast;EgyptAir;804;Paris - Cairo;1;SU-GCC;2088;66 ? (passengers:56? crew:10);66 ? (passengers:56? crew:10);The plane was en route from Paris to Cairo, flying at an altitude of 38,000 ft. when it made a sharp 90 degree turn to the left, followed by a 360 degree turn to the right as it lost altitude. The aircraft crashed into the Mediterranean Sea approximately 175 miles off the Egyptian coast.;66;2088;66;5;2016;1;0;0;0;0;1;0;0;0;0;0;0;0;0
2016/7/22;?;Bay of Bengal, Indian Ocean;Indian Air Force;?;Chennai (Tambram AFB) - Port Blair;0;K2743;809;29 ? (passengers:23? crew:6);29 ? (passengers:23? crew:6);The aircraft was taking part in fire fighting in the region of Bayanday, when under unknown circumstances, it impact trees and crashed in a wooded area.;29;809;29;7;2016;1;0;0;0;0;0;0;1;0;0;0;0;0;0
2016/7/30;742;Near Lockhart, Texas;Heart of Texas Hot Air Balloon Rides;?;Sightseeing Fentress Airpark;0;N2469L;?;16 ? (passengers:15? crew:1);16 ? (passengers:15? crew:1);The hot air balloon struck power lines and crashed in a field. The pilot was likely impaired by opioids and sedatives when he ignored weather warnings and flew the ride into a power line.;16;?;16;7;2016;1;0;0;0;0;0;0;1;0;0;0;0;0;1
2016/8/5;1238;Dubai, United Arab Emirates;Emirates;521;Thiruvanthapuram, India - Dubai, UAE;1;A6-EMW;32700/434;300 ? (passengers:282? crew:18);0 ? (passengers:0? crew:0);After being cleared to land, the crew informed Dubai tower they were going around. Immediately after being cleared to go-around, the aircraft impacted the runway, losing an engine and catching fire. The plane slid to a stop and all aboard evacuated the plane safely. One fire fighter was killed while fighting the fire.;300;32700/434;0;8;2016;0;0;0;0;0;0;0;0;1;0;0;0;0;0
2016/8/31;1100;Russian Mission, Alaksa;Hageland Aviiation;3190;"	Russian Mission- Marshall";0;"	N752RV";208B5088;5 ? (passengers:4? crew:1);5 ? (passengers:4? crew:1);A midair collision occurred between a Cessna 208 and a Piper PA-18 Super Cub just northwest of Russian Mission Airport. Three on the Cessna and 2 on the Piper were fatally injured. Rough terrain complicated removal of the victims.;5;208B5088;5;8;2016;1;0;0;0;0;0;0;0;1;0;0;0;0;0
2016/10/24;720;Malta International Airport;AE Aviation;?;Malta-Luqa - Malta-Luga;0;N577MX;AT-577;5 ? (passengers:3? crew:2);5 ? (passengers:3? crew:2);Shortly after taking off, the plane banked to the right, lost altitude and impacted the ground just past the airport. French ministry officials on board were attempting to trace routes of illicit trafficking both human and drug, leaving Libya.;5;AT-577;5;10;2016;1;0;0;0;0;0;0;0;0;0;1;0;0;0
2016/11/18;1915;Elko, Nevada;American Medflight Inc.;?;Elko- Salt Lake City;0;N775F;31T-7920079;4 ? (passengers:1? crew:3);4 ? (passengers:1? crew:3);The medical transport plane crashed into the Barrik Gold Corp. parking lot near a busy casino, motel, grocery store and senior housing complex shortly after taking off. A heart patient and three crew members were killed.;4;31T-7920079;4;11;2016;1;0;0;0;0;0;0;0;0;0;0;1;0;0
2016/11/28;2200;Near La Union, Colombia;LAMIA Bolivia;2933;Santa Cruz, Bolivia - Medellin,Colombia;0;CP-2933;E-2348;77 ? (passengers:68? crew:9);71 ? (passengers:64? crew:7);The crew of the chartered passenger jet declared an emergency as it approached La Union, reporting they ran out of fuel and had an electrical failure. Soon after the plane impacted mountainous terrain approximately 22 miles south of Medellin. Members of the Brazilian Chapecoense soccer team were among those killed. Among the errors made which caused the crash were the decisions to let the plane take off without enough fuel to make the flight safely and then to not stop midway to refuel. The pilot also did not report the plane's emergency until it was too late.;77;E-2348;71;11;2016;0.9221;0;0;0;0;0;0;0;0;0;0;1;0;0
2016/12/3;1122;Near Tanjung Pinanga, Indonesia;Indonesian Police;?;Pangkal Pinang - Batam Island;0;P-4201;?;13 ? (passengers:8? crew:5);13 ? (passengers:8? crew:5);The Indonesian police aircraft crashed in the waters off Kabupaten Lingga, Riau Islands during a 1.5 hour scheduled flight.;13;?;13;12;2016;1;0;0;0;0;0;0;0;0;0;0;0;1;0
2016/12/7;1620;Near Havlien, Pakistan;Pakistan International Airlines;661;Chitral - Islamabad;0;AP-BHO;663;48 ? (passengers:42? crew:6);48 ? (passengers:42? crew:6);While en route, the crew made a mayday call reporting they lost one of two engines. Contact was lost and the plane soon after crashed into mountains near Abbottabad and Havelian.;48;663;48;12;2016;1;0;0;0;0;0;0;0;0;0;0;0;1;0
2016/12/18;610;Near Wamena, Papua, Indonesia;Indonesian Air Force;?;Timika - Warmera;0;"  	A-1134";4785;13 ? (passengers:10? crew:3);13 ? (passengers:10? crew:3);The military plane crashed into mountainous terrain in an eastern section of the country while attempting to land at Warmera.;13;4785;13;12;2016;1;0;0;0;0;0;0;0;0;0;0;0;1;0
2016/12/20;1723;Puerto Carreno, Colombia;Aerosucre Colombia;?;Puerto Carreno - Bogota;1;HK-4544;21105/1158;6 ? (passengers:0? crew:6);5 ? (passengers:0? crew:5);After taking off on runway 24, the cargo jet failed to lift off properly, just cleared the perimeter fence, became airborne, turned to the right, lost altitude and crashed in an open field.;6;21105/1158;5;12;2016;0.8333;0;0;0;0;0;0;0;0;0;0;0;1;0
2016/12/25;527;Near Adar, Russia;Russian Air Force;?;Chkalovsky AB -Ader - Latakia, Syria;0;RA-85572;83A-572;92 ? (passengers:84? crew:8);92 ? (passengers:84? crew:8);The plane, carrying the Alexandrov Emsemble choir, reporters and service men, made a climbout out of Ader, turned back towards the coastline and crashed into the waters of the Black Sea about a mile offshore.;92;83A-572;92;12;2016;1;0;0;0;0;0;0;0;0;0;0;0;1;0
2017/1/16;719;Bishkek, Kyrgyzstan;My Cargo Airlines (ACT Airlines);6491;Hong Kong - Bishkek - Istanbul;1;TC-MCL;32897/1322;4 ? (passengers:0? crew:4);4 ? (passengers:0? crew:4);While approaching Bishkek for a fuel stop, the cargo plane crashed past the end of the runway destroying 23 houses. The weather at the time of the accident was freezing fog.;4;32897/1322;4;1;2017;1;1;0;0;0;0;0;0;0;0;0;0;0;1
2017/2/21;900;Melbourne, Victoria, Australia;Australian Corporate Jet Centres PTY. LTD;?;Melbournen - King Island;0;VH-ZCR?;BB1544;5 ? (passengers:4? crew:1);5 ? (passengers:4? crew:1);The charter flight was just seconds into it's flight when it was observed flying low, before it nose diving into a building at a shopping center and bursting into flames. The pilot made two mayday calls before the aircraft crashed. It is reported the plane suffered engine failure.;5;BB1544;5;2;2017;1;0;1;0;0;0;0;0;0;0;0;0;0;0
2017/3/10;1120;Istanbul, Turkey;Swan Aviation;?;Istanbul - Bozuyuk;0;TC-HEZ;760717;7 ? (passengers:5? crew:2);7 ? (passengers:5? crew:2);The helicopter crashed on a highway after hitting a TV tower, six minutes after taking off. The helicopter was carrying an executive of the Eczacibasi group of companies, four of his Russian guests and two pilots.;7;760717;7;3;2017;1;0;0;1;0;0;0;0;0;0;0;0;0;0
2017/3/27;815;Mautaer, Zimbabwe;ETA Air Charter;?;Beira, Mozambique - Harare, Zimbabwe;0;C9-AOV;24;6 ? (passengers:4? crew:2);6 ? (passengers:4? crew:2);While en route the air transport plane collided with Mount Vumba in poor weather conditions.;6;24;6;3;2017;1;0;0;1;0;0;0;0;0;0;0;0;0;1
2017/5/5;653;Charleston, West Virginia;Air Cargo Carriers;?;Louisville - Charleston;0;N334AC;SH-3029;2 ? (passengers:0? crew:2);2 ? (passengers:0? crew:2);The cargo plane was destroyed when it crashed while attempting to land on runway 05 at Charleston Yeager Airport. After touching down hard, the aircraft when off the left side of the runway and fell into a wooded ravine.;2;SH-3029;2;5;2017;1;0;0;0;0;1;0;0;0;0;0;0;0;0
2017/5/15;1530;Carlstadt,, New Jersey;A&C Big Sky Aviation;?;Philadelphia, PA - Teteboro, NJ;0;N452DA;35A-452;2 ? (passengers:0? crew:2);2 ? (passengers:0? crew:2);While on approach to Teleboro Airport, the aircraft impacted the ground, 3,200 ft short of runway 01, crashing into industrial buildings and catching fire.;2;35A-452;2;5;2017;1;0;0;0;0;1;0;0;0;0;0;0;0;0
2017/5/27;1402;Tenzing, Nepal;Summit Air;409;?;0;9N-AKY;2917;3 ? (passengers:0? crew:3);2 ? (passengers:0? crew:2);The cargo plane crashed short of the runway threshhold whille attempting to land at Lukla-Tenzing Airport, coming to rest on a steep wooded area close to the airport perimeter fence. Both the pilot and copilot were killed.;3;2917;2;5;2017;0.6667;0;0;0;0;1;0;0;0;0;0;0;0;0
2017/6/7;1335;Off Dawei, Myanmar;Myanmar Air Force;?;Myeik - Yangon;0;5820;?;122 ? (passengers:108? crew:14);122 ? (passengers:108? crew:14);The transport plane carrying military personnel and their familiies, left Myeik for a return trip to Yangon. The aircraft was at FL 180 when contact by air traffic control was lost 29 minutes into the flight. The plane crashed about 20 miles west of Dawei in the Andaman Sea.;122;?;122;6;2017;1;0;0;0;0;0;1;0;0;0;0;0;0;0
2017/6/28;1015;Mount Gambier, South Australia;Angel Flight;?;Suttontown - Adelaide;0;VH-YTM;1518;3 ? (passengers:2? crew:1);3 ? (passengers:2? crew:1);The medical flight crashed 3 km south of Mount Gambier Airport in heavy fog. The plane had just taken off and was bound for Adelaide with a patient and her daughter. Angel Flight is used to help people in rural areas access medical treatment.;3;1518;3;6;2017;1;0;0;0;0;0;1;0;0;0;0;0;0;0
2017/7/10;1600;Near Itta Bena, Mississipi;USMC;?;Cherry Point, NC - El Centro, CA;0;165000;382-5303;16 ? (passengers:14? crew:2);16 ? (passengers:14? crew:2);While en route, the Marine Corps transport suffered an explosion and structural failure at 20,000 ft., spiraled down and crashed into a soybean field.;16;382-5303;16;7;2017;1;0;0;0;0;0;0;1;0;0;0;0;0;0
2017/10/14;830;Abidjan, Ivory Coast;Valan International Cargo Charter;?;Burkina Faso - Abidjan;0;ER-AVB;3204;10 ? (passengers:4? crew:6);4 ? (passengers:4? crew:0);The cargo plane, carrying French military cargo, crashed in shallow waters along the coastline while on final approach to Abidjan-Felix Houphouet Boigny Airport. The plane was carrying 6 Moldovan crew members and 4 French army personnel.;10;3204;4;10;2017;0.4;0;0;0;0;0;0;0;0;0;1;0;0;0
2017/11/15;800;Empakaai, Tanzania;Costal Aviation;?;Arusha - Serengeti;0;5H-EGG;208B-0476;11 ? (passengers:10? crew:1);11 ? (passengers:10? crew:1);The chartered Cessna was flying tourists from Kilimanjaro to Arusha. The plane circled for 30 minuets due to poor weather conditions before crashing.;11;208B-0476;11;11;2017;1;0;0;0;0;0;0;0;0;0;0;1;0;1
2017/12/13;1815;Near Fond-du-Lac, Saskatchewan;West Wind Aviation;?;Fond-du-Lac - Stony Rapids;0;C-GWEA;240;25 ? (passengers:22? crew:3);1 ? (passengers:1? crew:0);Shortly after taking off, the aircraft lost altitude and descended into trees. All 22 passengers and 3 crew survived but there were several injuries. One passenger died two weeks after the accident.;25;240;1;12;2017;0.04;0;0;0;0;0;0;0;0;0;0;0;1;0
2017/12/31;1216;Punta Islita, Costa Rica;Naure Air;?;Punta Islita - San Jose;0;TI-BEI;208B-0900;12 ? (passengers:10? crew:2);12 ? (passengers:10? crew:2);The passenger plane crashed 10 minutes after taking off from Punta Islita into a wooded area. Ten American passengers and crew of 2 were all killed.;12;208B-0900;12;12;2017;1;0;0;0;0;0;0;0;0;0;0;0;1;0
